-- Fixture for scripts/check-p0-upgrade.ps1. This runs after migration 0019 and therefore
-- deliberately uses the old junction-table shape (before P0 adds org_id to seven tables).

insert into organizations (id, name, status) values
  ('a0000000-0000-4000-8000-000000000001', 'P0 Upgrade A', 'active'),
  ('b0000000-0000-4000-8000-000000000001', 'P0 Upgrade B', 'active');

insert into categories (id, org_id, name) values
  ('a1000000-0000-4000-8000-000000000001', 'a0000000-0000-4000-8000-000000000001', 'Category A'),
  ('b1000000-0000-4000-8000-000000000001', 'b0000000-0000-4000-8000-000000000001', 'Category B');

insert into suppliers (id, org_id, name) values
  ('a2000000-0000-4000-8000-000000000001', 'a0000000-0000-4000-8000-000000000001', 'Supplier A'),
  ('b2000000-0000-4000-8000-000000000001', 'b0000000-0000-4000-8000-000000000001', 'Supplier B');

insert into supplier_categories (supplier_id, category_id) values
  ('a2000000-0000-4000-8000-000000000001', 'a1000000-0000-4000-8000-000000000001'),
  ('b2000000-0000-4000-8000-000000000001', 'b1000000-0000-4000-8000-000000000001');

insert into products (id, org_id, name, category_id, unit) values
  ('a3000000-0000-4000-8000-000000000001', 'a0000000-0000-4000-8000-000000000001', 'Product A', 'a1000000-0000-4000-8000-000000000001', 'unit'),
  ('b3000000-0000-4000-8000-000000000001', 'b0000000-0000-4000-8000-000000000001', 'Product B', 'b1000000-0000-4000-8000-000000000001', 'unit');

insert into supplier_products (id, org_id, supplier_id, product_id, current_price) values
  ('a4000000-0000-4000-8000-000000000001', 'a0000000-0000-4000-8000-000000000001', 'a2000000-0000-4000-8000-000000000001', 'a3000000-0000-4000-8000-000000000001', 10),
  ('b4000000-0000-4000-8000-000000000001', 'b0000000-0000-4000-8000-000000000001', 'b2000000-0000-4000-8000-000000000001', 'b3000000-0000-4000-8000-000000000001', 20);

insert into price_history (id, org_id, supplier_product_id, price) values
  ('a4100000-0000-4000-8000-000000000001', 'a0000000-0000-4000-8000-000000000001', 'a4000000-0000-4000-8000-000000000001', 10),
  ('b4100000-0000-4000-8000-000000000001', 'b0000000-0000-4000-8000-000000000001', 'b4000000-0000-4000-8000-000000000001', 20);

insert into purchase_requests (id, org_id, status) values
  ('a5000000-0000-4000-8000-000000000001', 'a0000000-0000-4000-8000-000000000001', 'split'),
  ('b5000000-0000-4000-8000-000000000001', 'b0000000-0000-4000-8000-000000000001', 'split');

insert into purchase_request_items (id, request_id, product_id, qty, chosen_supplier_id, unit_price) values
  ('a5100000-0000-4000-8000-000000000001', 'a5000000-0000-4000-8000-000000000001', 'a3000000-0000-4000-8000-000000000001', 2, 'a2000000-0000-4000-8000-000000000001', 10),
  ('b5100000-0000-4000-8000-000000000001', 'b5000000-0000-4000-8000-000000000001', 'b3000000-0000-4000-8000-000000000001', 2, 'b2000000-0000-4000-8000-000000000001', 20);

insert into purchase_orders (id, org_id, supplier_id, request_id, status) values
  ('a6000000-0000-4000-8000-000000000001', 'a0000000-0000-4000-8000-000000000001', 'a2000000-0000-4000-8000-000000000001', 'a5000000-0000-4000-8000-000000000001', 'ready'),
  ('b6000000-0000-4000-8000-000000000001', 'b0000000-0000-4000-8000-000000000001', 'b2000000-0000-4000-8000-000000000001', 'b5000000-0000-4000-8000-000000000001', 'ready');

insert into purchase_order_items (id, order_id, product_id, qty, unit_price) values
  ('a6100000-0000-4000-8000-000000000001', 'a6000000-0000-4000-8000-000000000001', 'a3000000-0000-4000-8000-000000000001', 2, 10),
  ('b6100000-0000-4000-8000-000000000001', 'b6000000-0000-4000-8000-000000000001', 'b3000000-0000-4000-8000-000000000001', 2, 20);

insert into goods_receipts (id, org_id, order_id, status) values
  ('a7000000-0000-4000-8000-000000000001', 'a0000000-0000-4000-8000-000000000001', 'a6000000-0000-4000-8000-000000000001', 'completed'),
  ('b7000000-0000-4000-8000-000000000001', 'b0000000-0000-4000-8000-000000000001', 'b6000000-0000-4000-8000-000000000001', 'completed');

insert into goods_receipt_items (id, receipt_id, order_item_id, product_id, qty_received) values
  ('a7100000-0000-4000-8000-000000000001', 'a7000000-0000-4000-8000-000000000001', 'a6100000-0000-4000-8000-000000000001', 'a3000000-0000-4000-8000-000000000001', 2),
  ('b7100000-0000-4000-8000-000000000001', 'b7000000-0000-4000-8000-000000000001', 'b6100000-0000-4000-8000-000000000001', 'b3000000-0000-4000-8000-000000000001', 2);

insert into invoices (id, org_id, supplier_id, invoice_number, invoice_date, amount_before_vat, total_amount) values
  ('a8000000-0000-4000-8000-000000000001', 'a0000000-0000-4000-8000-000000000001', 'a2000000-0000-4000-8000-000000000001', 'UP-A', '2026-07-01', 100, 100),
  ('b8000000-0000-4000-8000-000000000001', 'b0000000-0000-4000-8000-000000000001', 'b2000000-0000-4000-8000-000000000001', 'UP-B', '2026-07-01', 200, 200);

insert into invoice_order_links (invoice_id, order_id) values
  ('a8000000-0000-4000-8000-000000000001', 'a6000000-0000-4000-8000-000000000001'),
  ('b8000000-0000-4000-8000-000000000001', 'b6000000-0000-4000-8000-000000000001');
insert into invoice_receipt_links (invoice_id, receipt_id) values
  ('a8000000-0000-4000-8000-000000000001', 'a7000000-0000-4000-8000-000000000001'),
  ('b8000000-0000-4000-8000-000000000001', 'b7000000-0000-4000-8000-000000000001');

insert into payment_requests (id, org_id, supplier_id, amount, status) values
  ('a9000000-0000-4000-8000-000000000001', 'a0000000-0000-4000-8000-000000000001', 'a2000000-0000-4000-8000-000000000001', 100, 'approved'),
  ('b9000000-0000-4000-8000-000000000001', 'b0000000-0000-4000-8000-000000000001', 'b2000000-0000-4000-8000-000000000001', 200, 'approved');
insert into payment_request_invoices (payment_request_id, invoice_id, amount_allocated) values
  ('a9000000-0000-4000-8000-000000000001', 'a8000000-0000-4000-8000-000000000001', 100),
  ('b9000000-0000-4000-8000-000000000001', 'b8000000-0000-4000-8000-000000000001', 200);

insert into payments (id, org_id, supplier_id, payment_request_id, amount) values
  ('aa000000-0000-4000-8000-000000000001', 'a0000000-0000-4000-8000-000000000001', 'a2000000-0000-4000-8000-000000000001', 'a9000000-0000-4000-8000-000000000001', 30),
  ('bb000000-0000-4000-8000-000000000001', 'b0000000-0000-4000-8000-000000000001', 'b2000000-0000-4000-8000-000000000001', 'b9000000-0000-4000-8000-000000000001', 50);
insert into payment_allocations (id, org_id, payment_id, invoice_id, amount) values
  ('aa100000-0000-4000-8000-000000000001', 'a0000000-0000-4000-8000-000000000001', 'aa000000-0000-4000-8000-000000000001', 'a8000000-0000-4000-8000-000000000001', 30),
  ('bb100000-0000-4000-8000-000000000001', 'b0000000-0000-4000-8000-000000000001', 'bb000000-0000-4000-8000-000000000001', 'b8000000-0000-4000-8000-000000000001', 50);

insert into bank_imports (id, org_id, filename, file_hash, column_mapping, row_count) values
  ('ac000000-0000-4000-8000-000000000001', 'a0000000-0000-4000-8000-000000000001', 'a.csv', 'upgrade-a', '{}', 1),
  ('bc000000-0000-4000-8000-000000000001', 'b0000000-0000-4000-8000-000000000001', 'b.csv', 'upgrade-b', '{}', 1);
insert into bank_transactions (id, org_id, import_id, tx_date, description, amount, raw, row_hash) values
  ('ad000000-0000-4000-8000-000000000001', 'a0000000-0000-4000-8000-000000000001', 'ac000000-0000-4000-8000-000000000001', '2026-07-02', 'A', 30, '{}', 'upgrade-a'),
  ('bd000000-0000-4000-8000-000000000001', 'b0000000-0000-4000-8000-000000000001', 'bc000000-0000-4000-8000-000000000001', '2026-07-02', 'B', 50, '{}', 'upgrade-b');
insert into bank_allocations (id, org_id, bank_transaction_id, payment_id, amount) values
  ('ae000000-0000-4000-8000-000000000001', 'a0000000-0000-4000-8000-000000000001', 'ad000000-0000-4000-8000-000000000001', 'aa000000-0000-4000-8000-000000000001', 30),
  ('be000000-0000-4000-8000-000000000001', 'b0000000-0000-4000-8000-000000000001', 'bd000000-0000-4000-8000-000000000001', 'bb000000-0000-4000-8000-000000000001', 50);

insert into documents (id, org_id, entity_type, entity_id, storage_path, file_name, mime_type) values
  ('af000000-0000-4000-8000-000000000001', 'a0000000-0000-4000-8000-000000000001', 'invoice', 'a8000000-0000-4000-8000-000000000001', 'a0000000-0000-4000-8000-000000000001/invoice/a8000000-0000-4000-8000-000000000001/a.pdf', 'a.pdf', 'application/pdf'),
  ('bf000000-0000-4000-8000-000000000001', 'b0000000-0000-4000-8000-000000000001', 'invoice', 'b8000000-0000-4000-8000-000000000001', 'b0000000-0000-4000-8000-000000000001/invoice/b8000000-0000-4000-8000-000000000001/b.pdf', 'b.pdf', 'application/pdf');
